thread_id,prolific_id,qualtrics_id,condition,thread_created_at,total_messages,user_messages,assistant_messages,transcript
cthr_69b5938cb95081939b6157f9e604a5860a40872c9cafc70a,march14,haritima349,,2026-03-14T16:57:48,4,2,2,"USER: edit my statement 1
ASSISTANT: How can I help with your composition?

Please paste your statement 1, and I’ll edit it to be concise (under 40 words). If you’d like, I can offer two brief edits afterward.
USER: I believe I should never lie, and misreport.
ASSISTANT: Here are two concise edits under 40 words:

- I will never lie or misreport my results.
- I commit to reporting my results truthfully, without deception."
cthr_69b50b9659c08193a3ca61bd0ef9d62b02395a97f487b7bd,test678,R_567,,2026-03-14T07:17:42,8,4,4,"USER: no open ai messages
ASSISTANT: How can I help with your honesty statement? I can edit your draft or draft a sentence for you. If you’d like starter fragments, I can provide two brief options to begin your line.
USER: really
ASSISTANT: How can I help with your honesty statement? I can edit your draft or draft a sentence. If you’d like starter fragments, here are two brief options to begin your line:
- I will report honestly
- I will not misreport counts
USER: yay!
ASSISTANT: Great! How would you like help with your honesty statement? I can edit your draft or draft a sentence for you, keeping it under 40 words.

Two starter options:
- I will report honestly about all flips.
- I will not misreport heads and will disclose uncertainty.
USER: let's get this rolling
ASSISTANT: How can I help with your honesty statement? I can edit your draft or draft a sentence under 40 words.

Starting fragment (choose or edit):
- I will report honestly about all 10 flips.
- I will not misreport heads and will disclose uncertainty."
cthr_69b50b07c5488190ba840d4c55176919067877efdbeb91de,test123,R_999,,2026-03-14T07:15:19,4,2,2,"USER: hopefully done
ASSISTANT: How can I help with your honesty statement? If you share your draft, I’ll refine it. I can also draft a brief starting line or two examples (each under 40 words).
USER: new one
ASSISTANT: How can I help with your honesty statement? If you share your draft, I’ll refine it. I can also draft a brief starting line or two examples (each under 40 words).

Two example lines (under 40 words each):
- I will report the total heads I observed truthfully and refrain from misreporting or shirking the task.
- I will report honestly, acknowledge uncertainty, and not misrepresent results or skip the task."
cthr_69b509ca58b88195bee8e8b138fc62800ca559dca4e08394,test123,R_999,,2026-03-14T07:10:02,2,1,1,"USER: too many new sessions
ASSISTANT: How can I help with your composition? If you have a draft, share it and I’ll refine it.

If you want a quick start, here are two opening fragments:
- I will report truthfully the number of heads observed
- I commit to honesty in reporting outcomes"
cthr_69b50821510c819392f49a13866a137000775580c1612385,test123,R_999,,2026-03-14T07:02:57,2,1,1,"USER: test
ASSISTANT: How can I help with your composition? I can refine your honesty statement or draft a brief version (under 40 words) tailored to the coin-flip task and its ethics. If you want a starting line, I can provide a few options."
cthr_69b507963f2c8197aae65b87b832ca9c0d9220accbf94b52,test123,R_999,,2026-03-14T07:00:38,2,1,1,"USER: is this new session
ASSISTANT: Yes, this is a new session. How would you like to refine your honesty statement? If you have a draft, share it and I’ll help tighten it."
cthr_69b50748b84c81909a41e579e61f1fab000e20f8edd9e054,test123,R_999,,2026-03-14T06:59:20,4,2,2,"USER: remember to pass pid in the browser
ASSISTANT: How can I help refine your honesty statement for the coin-flip task? I can draft or edit it to emphasize ethics and honesty. If you want, I can start with a short prompt.
USER: test
ASSISTANT: How can I help refine your honesty statement for the coin-flip task? I can draft or edit it to emphasize ethics and honesty.

Two starter prompts (under 40 words each):
- I pledge to report the true number of heads, not to exaggerate or shirk, and to uphold fairness in this study.
- I commit to honest reporting of every flip, recognizing that trust and integrity sustain the research."
cthr_69b506eeac18819383cc14c917d89a560b4e5b7a8e383049,,,,2026-03-14T06:57:50,2,1,1,"USER: well I am truthful
ASSISTANT: How can I help you with your honesty statement? I can refine what you have, or compose a concise version under 40 words.

Here are two brief options:
- I pledge to report my observed heads honestly, recognizing that misreporting undermines the study and the trust of others; I will only report totals I genuinely counted.
- I commit to truthful reporting of my heads, accepting any discrepancy as a consequence of my own actions, and I will not misreport to gain compensation."
cthr_69b5053bd2208194a3dc5b82b0f0e03c0b129a75d4a3efe1,test123,R_999,,2026-03-14T06:50:35,4,2,2,"USER: hopefuilly!
ASSISTANT: How can I help with your honesty statement? I can edit your draft, draft a new version (under 40 words), or provide two example lines. Share what you have, or tell me the tone you want.
USER: tes
ASSISTANT: How can I help with your honesty statement? I can edit your draft, draft a new version (under 40 words), or give two example lines. Share what you have, or tell me the tone you want."
cthr_69b50527d5488197a6d768223c5ab24709584e61e7392900,test123,R_999,,2026-03-14T06:50:15,1,1,0,"USER: Edit my statement for clarity, tone, and structure."
cthr_69b500670c1c819682090e94cfedbf8808bbc945548a91fc,test123,R_999,,2026-03-14T06:29:59,6,3,3,"USER: test with fake ids
ASSISTANT: How can I help you with your honesty statement?

I can’t assist with fake IDs. I can help you craft or refine your honesty statement about the coin task. If you’d like a starter, here are a few words to begin: I will report my total heads honestly.
USER: test
ASSISTANT: How can I help you with your honesty statement?

Here are two starter examples (under 40 words each):
- I will report my total number of heads honestly, even when misreporting could benefit me.
- I will document my observed results truthfully, resisting any incentive to misrepresent my 10-flip outcomes.
USER: test
ASSISTANT: How can I help you with your honesty statement?

Here are two starter examples (under 40 words each):
- I will report my total heads honestly, regardless of incentives to misreport.
- I will record my 10-flip results truthfully, resisting any urge to lie for gain."
cthr_69b50029631881948070f6235a5b34b202798d9989a2145e,,,,2026-03-14T06:28:57,2,1,1,"USER: test for the day
ASSISTANT: How can I help with your honesty statement today?

I can edit your current draft or draft a concise version (under 40 words). If you want a starter, I can provide just a few words to begin your sentence. Would you like to share your draft?"
cthr_69b4f19566d0819599bfe1cc46f260d20977b2be9a645148,,,,2026-03-14T05:26:45,4,2,2,"USER: trying now
ASSISTANT: How can I help with your honesty statement? I can refine your draft or compose a brief starter from scratch.

If you’d like options, I can offer two sample starters (under 40 words each). Tell me which direction you prefer.
USER: not getting
ASSISTANT: How can I help with your honesty statement? If you share your draft, I’ll refine it. If you’d like starters, here are two brief options (under 40 words each):

1) I pledge to report my exact number of heads truthfully, regardless of outcome or payoff.

2) I commit to truthful reporting of all 10 flips and will not misreport or shirk the task."
cthr_69b4f092731081949777aa26781f687804f29b40cdb5a878,,,,2026-03-14T05:22:26,2,1,1,"USER: test
ASSISTANT: How can I help with your honesty statement? I can refine your draft or compose one for you. If you want a starter, I can provide a few words to begin. Would you like me to start?"
cthr_69b4f04592988195b2e722f07f16a3b801213f8721f3aaa3,,,,2026-03-14T05:21:09,2,1,1,"USER: ok
ASSISTANT: How can I help with your honesty statement? I can refine your current draft or compose a version for you. If you’d like options, I can offer two example starters. How would you like to proceed?"
cthr_69b4ef32d3488195be1141d0a87c14760d9b8a0602447059,,,,2026-03-14T05:16:34,6,3,3,"USER: test
ASSISTANT: How can I help with your honesty statement? I can refine your current draft or compose a new one. If you’d like me to start, I can provide a few opening fragments. Please share your draft or needs.
USER: now
ASSISTANT: How can I help with your honesty statement? I can refine your draft or compose a new one. Here are two opening fragments you can start with (each under 40 words):

- I report honestly, even when the odds seem low.
- I will report the total heads as observed.
USER: send
ASSISTANT: I report the number of heads I observed, not what might gain me money or avoid effort. I will not misreport or shirk, and I acknowledge the ethical duty to accuracy in this study."
cthr_69b4e8994948819484dceaff4f87579108e376c3790ba3e6,test123,R_999,,2026-03-14T04:48:25,2,1,1,"USER: hello
ASSISTANT: How can I help with your honesty statement? I can refine your draft or compose a concise version (under 40 words). Do you want to start from a few words, or share your current draft for edits?"
cthr_69b4e7b894a48197a8bbf72c74fba4d90580fa62ad03e6c3,,,,2026-03-14T04:44:40,4,2,2,"USER: test
ASSISTANT: How can I help with your honesty statement? If you share a draft, I’ll refine it. If you’re starting from scratch, I can offer a brief opener. For example: “I will report my results honestly.” or “I will disclose my counts truthfully.”
USER: no
ASSISTANT: How would you like to proceed with your honesty statement? I can refine an existing draft, or offer a two-word starter to begin: “I report” or “I disclose.”"
cthr_69b4e6ab30288195922a111124fa062e04f969bc3d3ae3cc,test123,R_999,,2026-03-14T04:40:11,4,2,2,"USER: no messages
ASSISTANT: How can I help with your honesty statement? I can refine your existing draft or compose a concise version. Tell me your current text, or the stance you want to convey.
USER: ok
ASSISTANT: How can I help with your honesty statement? I can refine your draft or compose a concise version (under 40 words). If you’d like examples, here are two options:

- I will honestly report the total number of heads from 10 flips and will not misreport or alter results.
- I pledge to report only the true number of heads observed and to refrain from cheating or falsifying results."
cthr_69b4e52b40b88195ae9f6366b5c0376e0b869b11f7f12321,test123,R_999,,2026-03-14T04:33:47,4,2,2,"USER: really!
ASSISTANT: How can I help with your honesty statement? I can refine an existing draft or help start a concise version.

Possible starter fragments:
- I will report
- I promise to report
USER: ok
ASSISTANT: How can I help with your honesty statement? I can refine an existing draft or help start a concise version.

Two starter options (under 40 words each):
- I will report the number of heads I actually observed, honestly and fully, regardless of incentive.
- I promise to report my true total of heads, without fabrication or evasion, even when incentives tempt misreporting."
cthr_69b4e2e98abc819498bfe5e12df8da55051d3b1642f1d3ae,,,,2026-03-14T04:24:09,8,4,4,"USER: final tes!
ASSISTANT: How can I help with your honesty statement? I can refine your draft, or draft a concise option (under 40 words). Here are two starter examples:
- I will report my observed number of heads honestly, regardless of incentives to misreport.
- I will truthfully declare the total of my ten flips, resisting any incentive to misreport.
USER: looks like working!@
ASSISTANT: How can I help with your honesty statement? I can refine your draft, or draft a concise option (under 40 words). Here are two refined options:
- I will report the actual number of heads from my ten flips, honestly, regardless of incentives to misreport.
- I will truthfully declare the total heads from my ten flips, resisting any incentive to misreport.
USER: really why no messages
ASSISTANT: I’m here to help with your honesty statement. Do you want me to refine an existing draft or draft a new option (under 40 words)? If you want a start, give me a few words.
USER: no
ASSISTANT: How can I help with your honesty statement? If you want later, I can refine your draft or draft a new option (under 40 words). Want a short starting phrase?"
cthr_69b4e042a4808193a212aa9a6990f2bf034dd5c90cac673e,,,,2026-03-14T04:12:50,6,3,3,"USER: test
ASSISTANT: How can I help with your honesty statement? If you’d like a quick start, here are two starters:
- I will report truthfully
- I will not misreport my results
USER: not
ASSISTANT: How would you like to proceed with your honesty statement? I can refine your current draft, or draft a new one. If you want a brief starter, I can begin with: “I will report my results truthfully.”
USER: thncx
ASSISTANT: How can I help with your honesty statement? I can refine your draft or draft a new one. Here are two starters:

- I will report my results truthfully, even when tempted to misreport.
- I will not misreport my heads and will follow the procedure."
cthr_69b4de9671e48196bc59329d8336e27a079c510462b7aa83,,,,2026-03-14T04:05:42,4,2,2,"USER: test1
ASSISTANT: How can I help you with your composition?

I can refine an existing honesty statement you’ve started, or draft a concise one for this task. Tell me if you want a formal or neutral tone, and any line you want to include.

Would you like me to review and improve your current draft, or start a new 40-word statement?
USER: now noth
ASSISTANT: How can I help you with your composition?

Would you like me to refine an existing honesty statement you’ve started, or draft a new 40-word statement? Tell me the tone (formal or neutral) and any line you want to include."
cthr_69b4de3de02c8190bffc019a0e8fcfaa03e1c9a3cb8c415a,,,,2026-03-14T04:04:13,4,2,2,"USER: test2
ASSISTANT: How can I help you with your honesty statement?

I can refine your draft or draft a concise version under 40 words. Here are two starting options (each under 40 words):
- I will report the true number of heads observed in my 10 flips, regardless of payment.
- I will not misreport or fabricate my total heads; I will be honest in all responses.
USER: not much
ASSISTANT: How can I help you with your honesty statement? Here are two concise options under 40 words:

- I will report the exact number of heads observed in my 10 flips, with no fabrication or withholding.
- I will report only the true total of heads from my 10 flips, without misrepresentation."
cthr_69b4dc98fc4c819583672b2ebe16e73509a39b92494d1458,,,,2026-03-14T03:57:12,2,1,1,"USER: stmnt1
ASSISTANT: How can I help with your honesty statement?

I will report all results honestly."
cthr_69b4d525f47881949bca8b70644cd035015ea71817662444,,,,2026-03-14T03:25:25,4,2,2,"USER: oh thank god!
ASSISTANT: How can I help with your honesty statement? If you have a draft, I’ll refine it. If you’d like a starting line, I can provide a couple of options (each under 40 words). 

Two starter phrases:
- I pledge to report my results honestly, regardless of incentives.
- I will not misrepresent the number of heads I observed.
USER: yes i fdo not want to midrepresent
ASSISTANT: How can I help with your honesty statement? If you have a draft, I’ll refine it. If you’d like a starting fragment, here are a few words to begin: I promise to report honestly."
cthr_69b48386d6d08194b6c75472ff40796c06373d7701acf30e,,,,2026-03-13T21:37:10,4,2,2,"USER: test how are we doing. I really want to e honest
ASSISTANT: How can I help refine your honesty statement?

I can review your draft, or help start it. Here are two starter options:
- I will report my results truthfully.
- I promise to state my heads honestly and completely.
USER: okie dokie! i will trust
ASSISTANT: How can I help refine your honesty statement? If you want a quick start, try: I will report my results truthfully and to the best of my ability."
cthr_69b0e42494f48195bb1b3aabe6f502120ef1ccf1d20ab103,abc,test123,A,2026-03-11T03:40:20,4,2,2,"USER: I am testing normally on local
ASSISTANT: How can I help with your honesty statement? I can refine your current draft or compose a new one under 40 words.

If you want a starting fragment, here are two options:
- I will report my counts truthfully
- I commit to recording every flip honestly
USER: I am ok.
ASSISTANT: Great. Want me to refine your current honesty statement or draft a new one (≤40 words)? Here are two starters:
1) I will report my counts truthfully.
2) I commit to recording every flip honestly."
cthr_69b0e3d490048197965f3ef897a6eccb08bf0addb5c07ab4,abc,test123,A,2026-03-11T03:39:00,2,1,1,"USER: hello
ASSISTANT: How can I help you with your honesty statement? I can refine your draft or compose a concise version for this coin-flip task and ethics. Want me to start with a brief opener?"
cthr_69b0d64690ac819585cdad938695cc4308a7bb7e6612ae86,haritima10,R_10ufXVsuAXAst2P,,2026-03-11T02:41:10,4,2,2,"USER: i need chocolates
ASSISTANT: How can I help with your honesty statement?

Here are a couple of starting fragments you can finish:
- I pledge to report my total heads honestly.
- I will not misreport or shirk the flips, and I will follow the task.
USER: not much
ASSISTANT: How can I help with your honesty statement?

I pledge to report truthfully."
cthr_69b0ce93761081948a87a2bb86e5a4400af26ba71743c1d5,haritima10_2,R_1Dj6uG1KGkPFETw,,2026-03-11T02:08:19,4,2,2,"USER: i am happy today
ASSISTANT: How can I help with your honesty statement? If you have a draft, share it and I’ll refine it. I can also compose a short starter line (two options) for you.
USER: help me in making a decision
ASSISTANT: How can I help with your honesty statement? If you’re deciding what to include, I can help clarify options or draft a starter line.

Starter fragments (just a few words to begin):
- I will report honestly
- I commit to accuracy

Tell me more about the decision you’re facing, and I’ll tailor guidance or refine your draft."
cthr_69b0bec378c08197b73060282122515e0c5f24898e060b67,haritima10,R_1q4566nOuF9OkqT,,2026-03-11T01:00:51,2,1,1,"USER: not much today
ASSISTANT: How can I help you with your honesty statement today? Do you want to draft, edit, or brainstorm? I can start with a brief sentence or two if you’d like—here are two quick starters (under 40 words total):

- I will report my results honestly, regardless of rewards or penalties.
- I will not misreport or shirk, and I will disclose any uncertainty in my results."
cthr_69b0af7a301481949ff8d02c779984cf0f4d0bd4845f9898,jobu10march,R_6My8tu2BbtQt1lx,,2026-03-10T23:55:38,2,1,1,"USER: Help me finish this string: I promise to say thanks for Haritima...
ASSISTANT: How can I help with your honesty statement?

Finish idea: I promise to say thanks for Haritima’s guidance and fairness."
cthr_69b0ac9d8cec8196b8a4eb488859161e0872c17c1a6eabec,,,,2026-03-10T23:43:25,2,1,1,"USER: haritima texting right now.
ASSISTANT: How can I help with your honesty statement? I can refine your draft or compose one for you. If you’d like a quick start, I can provide a few opening fragments. Share your current draft or tell me your goal."
cthr_69b095ddc2e481979412b76af9f3db570d60486a457b1ab4,,,,2026-03-10T22:06:21,2,1,1,"USER: on main app
ASSISTANT: How can I help with your honesty statement? I can refine your draft or compose a new one. Share what you have, or tell me which angle you want to start from. I can also offer two brief example options if you’d like."
cthr_69b0951ae36481958ce0de36900bfa86016ab6dec863f4f9,,,,2026-03-10T22:03:06,2,1,1,"USER: new test
ASSISTANT: How can I help with your honesty statement? I can refine an existing draft or help create a new one tailored to the coin-flip task. If you want a starter, here are two options:

- I will report
- I commit to

Tell me your preferences and I’ll refine further."
cthr_69b0913368f481949c44227a5e36da460cdcb0c72fd21dcd,,,,2026-03-10T21:46:27,2,1,1,"USER: checking!
ASSISTANT: How can I help with your honesty statement? Do you want me to refine an existing draft or compose a new one? I can also provide two starter options if you’d like."
cthr_69a08b497d8c8193b468744212078aee0b39d52293518da1,${q://QID1/ChoiceTextEntryValue},${e://Field/UID},,2026-02-26T18:04:57,2,1,1,"USER: Just write the honest statement for me.
ASSISTANT: How can I help with your honesty statement?
I will report my true number of heads from the 10 flips, and will not misreport or shirk. I understand accuracy matters for fairness and ethics in this study."
cthr_69a08aa3d404819093ade0c086563c310fdd65b2008653be,${q://QID1/ChoiceTextEntryValue},${e://Field/UID},,2026-02-26T18:02:11,2,1,1,"USER: I need to be honest about how many times i flipped the coin ( refine it)
ASSISTANT: How can I help refine your honesty statement?

Here are two concise options (under 40 words each):

Option A: I truthfully report the exact number of heads observed in my 10 flips, and I did flip the coin as instructed. I will not misreport results.

Option B: I accurately report the total heads from my 10 flips, having performed each flip. I will not inflate or withhold results."
cthr_6997398d288c8190994e4701e8f573bf0e5636e371e75584,${q://QID1/ChoiceTextEntryValue},${e://Field/UID},,2026-02-19T16:25:49,2,1,1,"USER: Tell me about the task and peoples incentives in it
ASSISTANT: How can I help with your composition?

Brief task and incentives:
- Each person flips a coin 10 times unobserved.
- They self-report the total number of heads (0–10).
- Payment is $0.10 per reported head (zero if nothing is reported beyond that).
- Incentives exist to misreport (inflating or deflating) and risk of shirking (not flipping at all).
- The setup makes honest reporting ethically important; in a large sample, 5 heads out of 10 is a typical outcome.

If you’d like, I can help draft an honesty statement for this scenario (under 40 words). Would you like two example starters or a near-final oath?"
cthr_699250cb3be88196bdb43f1be0987f390900bb08d6f8dc5c,dfGWDGQWR,R_68ne692pUudCQyB,,2026-02-15T23:03:39,2,1,1,"USER: Just write the honest statement for me.
ASSISTANT: I can help refine it. Here is a concise honesty statement:  
I will report my true number of heads from the 10 coin flips, honestly and to the best of my recollection, and I will not misreport to gain financial or other advantage."
cthr_69924f63ee6881968bc01e6a0c15176d0dd55c4880878140,hvjghsfdgfjh,R_6PzyDePNPr1TQiJ,,2026-02-15T22:57:39,2,1,1,"USER: Just write the honest statement for me.
ASSISTANT: How can I help with your composition today?

I will report exactly the number of heads I observed in my ten coin flips, truthfully and fully, and I will not misreport or shirk the task."
cthr_69924bf21290819789cccae89793abad053718a40acc9b1f,dgsadgsdsga,R_7WN0dqlFTGJaSxX,,2026-02-15T22:42:58,10,5,5,"USER: Edit my statement for clarity, tone, and structure.
ASSISTANT: How can I help refine your honesty statement? Please paste your current draft. I’ll edit for clarity, tone, and structure (keeping edits under 40 words). If you want, I can offer two example revisions after you share it.
USER: I promise not to lie or misreport my data. I will accurately report my 10 flips
ASSISTANT: How can I help refine your honesty statement? Here is a refined version, keeping it concise:

I will report my ten flips honestly and not lie or misreport my data.

Would you like two alternative options as well?
USER: make it nice and professional
ASSISTANT: How can I help refine your honesty statement? Here’s a professional version: I will report the results of my ten flips honestly and will not misreport any data.

Two alternatives:
- I will disclose my ten flip results truthfully and without misreporting.
- I will present my ten flip outcomes honestly and accurately.
USER: yes
ASSISTANT: Here are two professional options:

- I will report the results of my ten flips truthfully and without fabricating data.
- I will disclose my ten flip outcomes honestly and accurately.
USER: minumum 20 words
ASSISTANT: Here is a professional option (26 words):

I will report the results of my ten coin flips truthfully and without fabrication, misreporting, or withholding data, and will ensure accuracy in all my disclosures.

Would you like a second option?"
cthr_69924b6725088194aa3fa2c54076331a0170de14f4082910,sdfagaswgw,R_1kjDY470uKLVjym,,2026-02-15T22:40:39,2,1,1,"USER: Just write the honest statement for me.
ASSISTANT: How can I help you refine your composition? Here is a concise honest statement you can use:

I will report the exact number of heads I observe in 10 coin flips, truthfully and without misrepresenting results, recognizing that accurate reporting upholds fairness and the integrity of this study."
cthr_69924a254f3c819391fae2e2a99f695e0678877331628956,dafes,R_52PwhZ1To4esLqQ,,2026-02-15T22:35:17,2,1,1,"USER: Just write the honest statement for me.
ASSISTANT: How can I help with your honesty statement? Here are two concise options you can use or adapt (each under 40 words):

1) I report the number of heads I actually observed in my ten coin flips, and I understand that misleading reporting undermines the study and my own integrity.

2) I will report honestly the total heads from my ten flips; I will not misstate results or shirk the task, recognizing honesty sustains fairness and the validity of the study."
cthr_699249faba04819395d8884d164253190c7574546be93daa,dafes,R_52PwhZ1To4esLqQ,,2026-02-15T22:34:34,6,3,3,"USER: Help me finish and polish the ending of my statement.
ASSISTANT: How can I help you with your honesty statement? Please paste your current ending, and I’ll refine and tighten it. If you’d like, I can also offer two concise ending options (each under 40 words) after you share your draft.
USER: I promise not to lie
ASSISTANT: How can I help you with your honesty statement? Here are two polished ending options (each under 40 words):

- I promise to report the true number of heads I observed, to the best of my ability, and to refrain from deception in this task.
- I promise to report honestly the number of heads, to the best of my ability, and to refrain from any misreporting.
USER: just write it for me bro
ASSISTANT: I can help refine your ending. Here are two polished options (each under 40 words):

- I promise to report the true number of heads I observed, to the best of my ability, and to refrain from deception in this task.
- I promise to report honestly the number of heads I observed, to the best of my ability, and to refrain from misreporting."
cthr_69924621e8e08194a46c25c734159a04048fb0f5f9ba004a,dasfgfda,R_637JKPV1eZXufhn,,2026-02-15T22:18:09,4,2,2,"USER: Just write the honest statement for me.
ASSISTANT: How can I help with your honesty statement today?

I will truthfully report the number of heads I observed in my ten coin flips, without exaggeration or deceit, and I will not manipulate my results or the reporting for financial or personal gain.
USER: more words
ASSISTANT: I will truthfully report the number of heads observed in my ten coin flips, neither concealing nor inflating results, and I will refrain from any falsification or manipulation for financial incentives or personal gain."
cthr_698e36a7fe208190b03ad2c923cc5b650ea8295388ec32c2,poihgchx,R_7kYak02s4BRPQdt,,2026-02-12T20:23:03,2,1,1,"USER: Just write the honest statement for me.
ASSISTANT: How can I help with your composition? Here is an honest statement you can use (under 40 words):

I report my observed number of heads honestly, and I will not misreport or shirk; I understand misreporting undermines the study and may affect others."
cthr_698d298a001081969bdab5d9a1c6ed280a07029663778f5b,strdytfyguh,R_6aauObMTtNgcMdK,,2026-02-12T01:14:49,2,1,1,"USER: Make an honesty statement for me, minimum 20 words
ASSISTANT: How can I help with your composition? Here is a drafted honesty statement you can use, under 40 words:

I will report my real number of heads honestly, acknowledge the possibility of misreporting, and refrain from deception or withholding effort, understanding that integrity sustains the fairness and reliability of this study.

Here’s a second option (22 words):

I will disclose my real heads, not exaggerate or dodge effort, and uphold honesty as essential to the study’s trust and fairness."
cthr_6984cd9b01688193929be4e2f3cd9cad06b6b4afec5626cf,,,,2026-02-05T17:04:26,2,1,1,"USER: Just write the honest statement for me.
ASSISTANT: How can I help with your honesty statement? Here is a concise option:

I will report the true number of heads I observed in the ten coin flips I performed, and I will not misrepresent or withhold information for any payment or advantage."
cthr_6984cd48141081969d55b1f4c752c07d0d95959009de8b1c,,,,2026-02-05T17:03:04,2,1,1,"USER: Help me finish and polish the ending of my statement.
ASSISTANT: How can I help refine your ending?

I can finish your ending. Here are two concise options (under 40 words each):

Option A:
I commit to reporting the true number of heads I observe, to the best of my ability, and to honesty, even when incentives tempt misreporting.

Option B:
I will report honestly the number of heads observed, accepting the consequences of accuracy rather than shortcuts, and I will refrain from any misrepresentation."
cthr_6984ccb783f881968aebdc3261a9c9c408dcbaf9b86a0892,,,,2026-02-05T17:00:39,2,1,1,"USER: Just write the honest statement for me.
ASSISTANT: How can I help with your composition?

Here is a concise honest statement (under 40 words):
I will honestly report the number of heads I observed in my ten coin flips, and I will not misreport or withhold information for any reward, knowing that my report should reflect truth, not incentives."
cthr_6984ca757da08196b475c95c38cad9f60d298cf91a417e8e,,,,2026-02-05T16:51:01,2,1,1,"USER: Just write the honest statement for me.
ASSISTANT: How can I help with your honesty statement?

I will report the number of heads I actually observed in my 10 coin flips, even if it reduces my earnings, and I will refrain from misrepresentation or withholding data, recognizing the importance of accuracy and fairness."
cthr_6984c93d4b088195b76d7053c00253b406f9f2420785378b,,,,2026-02-05T16:45:49,2,1,1,"USER: Just write the honest statement for me.
ASSISTANT: How would you like me to help with your honesty statement?

I will report the true number of heads from my ten coin flips, refrain from falsely reporting, and not shirk responsibilities, recognizing that honesty sustains trust and fairness in this study."
cthr_6984c896f32081979f4cf2901c1a3a33053a47a1474bf06b,,,,2026-02-05T16:43:02,2,1,1,"USER: Just write the honest statement for me.
ASSISTANT: How can I help with your composition? I will report the exact number of heads from my 10 coin flips, and I will not misrepresent results or shirk the task, acknowledging the ethical duty to honesty and accuracy in my reporting."
cthr_6984c80d787481938d7542740a86fc620619aa078eb128a9,,,,2026-02-05T16:40:45,2,1,1,"USER: Just write the honest statement for me.
ASSISTANT: How can I help you with your composition?

I will honestly report the number of heads from my 10 coin flips, and I will not misreport or shirk; I understand misreporting undermines the study and contravenes ethical conduct."
cthr_6984c72d16dc8196ba4193e9acf9c0f50da6bc1e5c9f3ea5,,,,2026-02-05T16:37:01,2,1,1,"USER: Just write the honest statement for me.
ASSISTANT: How can I help you refine your honesty statement?

I report the number of heads I observed in my 10 flips honestly, and I will not misreport or fabricate results for payment or incentives."
cthr_6984c600ddc0819598617d206386301600ac6700349d7afc,,,,2026-02-05T16:32:00,2,1,1,"USER: Just write the honest statement for me.
ASSISTANT: How can I help with your composition?

I will report only the true number of heads observed in the ten flips, and I will not misrepresent, shirk, or fabricate; I understand compensation depends on accurate reporting."
cthr_6984c56d05e081949056b20ad01c2d060d30b11437ffb5cb,,,,2026-02-05T16:29:32,2,1,1,"USER: Just write the honest statement for me.
ASSISTANT: How can I help with your composition? Here’s an honest statement you can use:

I will report exactly the number of heads I observed from my 10 coin flips and will not misreport for financial gain."
cthr_6984c4d33b5c81909c198a8eeb32ece901ea96e27b7df877,,,,2026-02-05T16:26:59,2,1,1,"USER: Just write the honest statement for me.
ASSISTANT: How can I help with your honesty statement?

I will report the exact number of heads I observe from the 10 coin flips, honestly and without manipulation, and I understand that misreporting undermines the study's integrity and fairness."
cthr_6984c427f3f48196a07b263a7938773e0c52771e70751dbc,,,,2026-02-05T16:24:07,2,1,1,"USER: Just write the honest statement for me.
ASSISTANT: How can I help with your composition?

I will report my true count of heads from the 10 coin flips, honestly and fully, regardless of incentives or risk of misreporting, and I will not shirk or fabricate results."
cthr_6984c1189578819697c965afd9f1fffa06328264413dc504,${q://QID1/ChoiceTextEntryValue},${e://Field/UID},,2026-02-05T16:11:04,2,1,1,"USER: Help me finish and polish the ending of my statement.
ASSISTANT: How can I help with your composition?

I can refine the ending. Here are two concise options (under 40 words each):

- I pledge to report the true number of heads I observed, to the best of my ability, and to refrain from any deception or withholding, recognizing the ethical stakes and the value of integrity in research.

- I commit to honestly reporting the observed heads, accepting the consequences of accurate data, and to resisting incentives that encourage misreporting, in service of personal integrity and the scientific community."
cthr_69696784841c8194834e5863e4fabd3a0391aad5823057fb,${q://QID1/ChoiceTextEntryValue},${e://Field/UID},,2026-01-15T22:17:40,4,2,2,"USER: Edit my statement for clarity, tone, and structure.
ASSISTANT: How can I help refine your honesty statement? Please paste the current text, and I’ll offer a concise edit under 40 words for clarity, tone, and structure.
USER: Never mind, just write it for me. I'm bored.
ASSISTANT: I’ll report my true number of heads from the ten flips, honestly and completely, and I will not misrepresent results or shirk the task. If you’d like a different tone, I can adjust."
cthr_69695e5c73788193adb81e0580ec5ccf07a0a7b1f194821f,jobu,R_12l0lESzf0CXmim,,2026-01-15T21:38:36,4,2,2,"USER: I'm hoping this is the last test. Let's start with I solemnly swear not to lie on the queen task. I want to see you how you finish it make it sexy.
ASSISTANT: How can I help with your honesty statement? I can finish it professionally (not sexual). Here are two options:

Option 1: I solemnly swear not to lie on the queen task, to report my total heads honestly, and to uphold integrity in this study.

Option 2: I solemnly swear not to lie on the queen task, to report every head truthfully, and to maintain honesty, even when incentives tempt me.
USER: ok good
ASSISTANT: Would you like me to refine your current line or provide two polished options?

Option 1: I solemnly swear not to lie on the queen task, to report my total heads honestly, and to uphold integrity in this study.

Option 2: I solemnly swear not to lie on the queen task, to report every head truthfully, and to maintain honesty despite incentives."
cthr_69695cc2850c8194b670e77e5e81a3b7080e6157fc315102,,R_1BZpwqUUVfRh0ml,,2026-01-15T21:31:46,3,2,1,"USER: I'm writing a test here. I will start my statement at 3:31 and I think it should say something like I solemnly swear to truthfully report coin flips. Let me know how to finish.
ASSISTANT: How can I help you with your honesty statement?

Here are two finish options (each under 40 words):

1) I solemnly swear to report every flip truthfully, to refrain from manipulation or misreporting, and to perform each flip with honesty, even when no one is watching, so that results reflect reality.

2) I solemnly swear to report the true number of heads from my 10 flips, to avoid exaggeration or omission, and to accept the consequences of misreporting, upholding fairness for all participants.
USER: OK, that works for me. Let it let's end it."
cthr_69695afd1ba48195823c7322ced5dacb03dc882c34537452,,R_1QJArEnNM3yjyr2,,2026-01-15T21:24:13,2,1,1,"USER: Just write the honest statement for me.
ASSISTANT: How can I help with your composition?

I will report the number of heads from my ten flips truthfully, and I will not misreport or shirk the task, recognizing that honesty respects myself, others, and the study's integrity."
cthr_6969595408f081978a3ac9e28d3893b60ce7cdcdf13bd70e,,,,2026-01-15T21:17:07,4,2,2,"USER: Just write the honest statement for me.
ASSISTANT: How can I help with your honesty statement?

I pledge to report the exact number of heads from ten coin flips, honestly and without deception or avoidance, understanding misreporting undermines the study.
USER: This was the first developer test in Cole tricks taking it as a subject
ASSISTANT: How can I help with your honesty statement?

Here are two options (under 40 words each):

Option A: I pledge to report the exact number of heads from ten flips, honestly and fully, recognizing that misreporting biases the study and undermines the integrity of every participant.

Option B: I commit to reporting only the actual heads from ten flips, honestly and transparently, aware that any misreporting harms the study and erodes trust among participants."
cthr_696957da417481909602d205660381fb0de57db930212713,${e://Field/ProlificID},${e://Field/UID},,2026-01-15T21:10:50,4,2,2,"USER: Just write the honest statement for me.
ASSISTANT: I report my number of heads truthfully based on the 10 coin flips I performed, and I understand misreporting or omitting flips constitutes dishonesty and undermines the study's integrity.
USER: OK, thanks this is a developer test once again number three
ASSISTANT: How can I help with your composition?

Here are two quick options you can use or adapt:
- I will report the true number of heads from my 10 flips and will not misreport or shirk.
- I commit to honesty in reporting my 10-flip results and to accurate effort, recognizing misreporting harms the study."
cthr_6969554fd20c8195a29113355e076c180549c5526aa84b65,TESTPRO456”,TESTUID123,,2026-01-15T20:59:59,4,2,2,"USER: Just write the honest statement for me.
ASSISTANT: How can I help with your honesty statement? I will report the exact number of heads from my 10 flips, honestly and without manipulation, to ensure fair testing and truthful results, recognizing misreporting undermines the study and my integrity.
USER: ok dev test
ASSISTANT: How can I help with your composition? Here are two concise options, each under 40 words:

Option A: I will report the exact number of heads from my 10 flips, honestly and without manipulation, to ensure fair testing and truthful results.

Option B: I will report my true head count from 10 flips, without manipulation, to maintain integrity and fair results for the study."
cthr_69694d0848f481979b58291983e19bb702af61128b0b19d2,TESTPRO456,TESTUID123,,2026-01-15T20:24:40,4,2,2,"USER: Help me finish: I solumnly swear to truthfully report the coins flips and...
ASSISTANT: How can I help with your honesty statement?

Here are two concise finishes (under 40 words each):

- I solemnly swear to truthfully report the number of heads observed in each set of flips and to refrain from misreporting, falsifying, or withholding data.
- I solemnly swear to report every flip honestly and to disclose any doubt about process, ensuring my total equals the observed heads and not to alter counts.
USER: thanks
ASSISTANT: You're welcome! How would you like to refine the statement further—need a tighter one-liner or a version emphasizing integrity and accurate reporting?"
cthr_69694c754a5c8197a50e69e43e1398ea0a755ad3c6c63f25,,,,2026-01-15T20:22:13,6,3,3,"USER: I'm ready to see a statement about flipping coins and the consequences of lying. Give me a start.
ASSISTANT: How can I help with your honesty statement?

Here’s a start: I will report my results honestly.
USER: This is a test by the developer number two.
ASSISTANT: How can I help with your honesty statement?

I commit to truthful reporting.
USER: ok, thanks
ASSISTANT: You’re welcome. Want me to refine your statement? Here are two concise options (under 15 words each):
- I will report all results accurately and honestly.
- I pledge truthful reporting of every flip outcome.
How else can I assist?"
cthr_69694754be1481959c8dedc0513fc796097787bf083243d3,,,,2026-01-15T20:00:20,2,1,1,"USER: What can you do?
ASSISTANT: How can I help with your honesty statement? I can refine an existing draft, draft a new one under 40 words, or review for clarity and ethics. I can also offer two example starts if you’d like. How would you like to proceed?"
cthr_696946381a288196a821f15bea899c22049727108812cb27,,,,2026-01-15T19:55:36,4,2,2,"USER: hi, write me a consequential statement
ASSISTANT: How can I help with your composition?

Draft (under 40 words):
I will report my true number of heads, acknowledge the risk of misreporting, and uphold honesty and fairness in all aspects of this task.
USER: About the consequences of lying
ASSISTANT: How can I help with your composition?

Here are two concise options about consequences:
- I understand that lying undermines trust, harms others, and risks penalties; I will report my true heads and act with integrity in this task.
- Lying devalues fairness, harms the study’s validity, and may trigger sanctions; I will report the exact number of heads. 

Want me to refine your current draft?"
cthr_69692c7c81b48193b3b36a8835cffb480ef016eabc106a06,,,,2026-01-15T18:05:48,9,5,4,"USER: Help me start my statement.
ASSISTANT: How can I help with your honesty statement?

I will report honestly,
USER: Make it we all should report honestly, and actually do the task. But make it a little bit longer in flowery.
ASSISTANT: How can I help with your honesty statement?

Starter phrase (a few words): We all should report honestly

Would you like me to turn that into a full, flowery version under 40 words? I can offer two concise options.
USER: yes
ASSISTANT: We all should report honestly and actually perform the task, letting truth guide each result and honoring the trust placed in us by the study and its pursuit of genuine knowledge.

We all should report honestly and truly complete the task, upholding integrity even when unseen, so that fairness and credible findings may guide future inquiry.
USER: Try againT
ASSISTANT: Here are two options, under 40 words each:

1) We all should report honestly and perform the task with diligence, letting truth guide every count and honoring the trust placed in us by this study and its pursuit of genuine knowledge.

2) We all should report honestly and complete the task, remaining faithful to the data and to the spirit of inquiry, so that results reflect reality and advance trustworthy findings for the broader community.
USER: This is a developer test. Good job."
cthr_696929d2ba9c8193b6fa4b56c07fcbd90f2f492f8812a5e4,,,,2026-01-15T17:54:26,2,1,1,"USER: hi start one
ASSISTANT: How can I help with your honesty statement? Here’s a starting fragment: I will report my results honestly."
cthr_69691ee339788190b8101a3da3d7ca840bc2f037bacb75e0,,,,2026-01-15T17:07:47,6,3,3,"USER: Edit a statement I started for clarity, tone, and structure.
ASSISTANT: How would you like to proceed with editing? Please paste your draft, and I’ll refine it for clarity, tone, and structure in under 40 words.

If you want a starting prompt, I can provide a few opening fragments.
USER: What do you know about the task?
ASSISTANT: How can I help with your honesty statement? Here’s what I know about the task: Each participant flips 10 times unobserved, self-reports heads, is paid per head, creating incentives to misreport or shirk. Ethics and accuracy matter.

Please paste your draft for editing. If you want a starting prompt, here are two options:
- I acknowledge the responsibility to report my heads truthfully.
- I commit to reporting only what I observed from the 10 flips.
USER: I asked you what you know about the honesty task
ASSISTANT: How can I help with your honesty statement?

Here’s what I know about the task: Each participant flips 10 times unobserved, self-reports heads, and is paid per head. This creates incentives to misreport or shirk. Ethics and accuracy matter; a typical result center is around 5 heads. Please paste your draft for editing."
cthr_69691ece0f188194b1242d35087d95db07cf997c59f9042b,,,,2026-01-15T17:07:25,2,1,1,"USER: What can you do?
ASSISTANT: How can I help with your honesty statement? I can refine wording, draft a concise oath (under 40 words), or edit for clarity and ethics. I can also offer two example openings if you want."
cthr_69681634d2208193aea5039599f2dee1040a842741716d7c,,,,2026-01-14T22:18:28,6,3,3,"USER: i need help on the honest stmnt.
ASSISTANT: How can I help with your honesty statement? Do you want me to edit an existing draft or draft a new one? I can also provide a starting phrase if you’d like.

Here are two concise options (under 40 words each):
- I will report my results honestly and traceably, recognizing incentives to misreport, and I will not fake data or omit a flip.
- I will report the number of heads observed, truthfully and to the best of my ability, and refrain from misreporting or withholding.
USER: mhmhjdgf
ASSISTANT: How can I help with your honesty statement? Do you want me to edit an existing draft or draft a new one? Paste your draft, or I can provide a fresh start.

Two starter fragments (a few words each):
- I will report observed heads honestly and to the best of my ability.
- I will truthfully report the results as observed, without manipulation.
USER: create a new one
ASSISTANT: How can I help with your honesty statement?
I will report the exact number of heads observed in my 10 coin flips, honestly and completely, and will not misrepresent results, with no withholding or fabrication, irrespective of its impact on what I earn."
cthr_696812356aa081958017eb3e49cb35da01523e3b84877ae8,,,,2026-01-14T22:01:25,4,2,2,"USER: What can you do?
ASSISTANT: How can I help with your composition? I can refine an existing honesty statement, draft a new one under 40 words, or help you start a sentence with a few words. Share your draft or tell me your goal, and I’ll tailor it.
USER: I wanna write an oath start with not lying on the coin task, but I don't know where else
ASSISTANT: How can I help with your composition? I can refine your oath or draft a new one under 40 words. Here are two starter fragments you can begin with:
- Not lying on the coin task, I pledge to report honestly.
- Not lying on the coin task, I will disclose every result faithfully."
cthr_69371fd9c2b88196ac14088ddbfb2e6d07c53078964a0208,,,,2025-12-08T18:58:33,2,1,1,"USER: What can you do?
ASSISTANT: How can I help with your honesty statement?

- I can refine your current draft.
- I can compose a new oath tailored to the coin-flip task.
- I can offer two starter lines to begin your statement."
cthr_69371e163af08190987838402b86ae990fc9a6420677bfb1,,,,2025-12-08T18:51:02,4,2,2,"USER: What can you do?
ASSISTANT: How can I help you with your honesty statement?

I can:
- Edit an existing statement for clarity and ethics.
- Draft a new, concise statement tailored to this task.
- Refine tone to emphasize honesty, accountability, and ethics.
- Check alignment with the study setup and incentives.

Would you like me to start with a draft or edit your current version? If you want starting phrasing, here are two options (each under 40 words):
- “I will report my total number of heads truthfully, regardless of personal gain.”
- “I will not misreport, nor shirk the task, and I will disclose any deviations.”
USER: Please compose a brief “honesty statement” that you think is appropriate and relevant to this task and this group.

 

Make sure the statement is in your own words and is a minimum of 25.
ASSISTANT: I will report my total number of heads truthfully for this task, accepting the ethical obligation to avoid misreporting or shirking, and I will disclose any discrepancies in my reporting to uphold fairness and integrity."
cthr_69371c3e81548197bdf63c495a82349e0913e4081da0f8c5,,,,2025-12-08T18:43:10,4,2,2,"USER: Hi. help me finish my statement: I promoise to report
ASSISTANT: How can I help with your composition?

I can help finish your statement. Here are two starting options:
- I promise to report all results, honestly.
- I promise to report truthfully, regardless of incentives.
USER: I like this but dont really understand the incetives part: I promise to report truthfully, regardless of incentives.
ASSISTANT: How can I help with your composition?

Brief note: incentives mean you could earn more by lying about your heads, so you commit to honesty even when lying seems profitable.

Two options under 40 words:
- I promise to report all results honestly, even if lying could earn me more.
- I promise to report truthfully, even when misreporting would pay more."
cthr_6937011db99c81939432742d2809acb803704e6048b5713f,,,,2025-12-08T16:47:25,2,1,1,"USER: write my statement
ASSISTANT: How can I help you with your composition?

I pledge to report the number of heads I actually observed in my 10 coin flips, report honestly without exaggeration or omission, and refrain from shirking or altering results for any compensation."
cthr_69324573a638819498abb55f31ea565b01eee9568ab134ff,,,,2025-12-05T02:37:39,2,1,1,"USER: What can you do?
ASSISTANT: I can help you refine, edit, or compose an honesty statement for this coin-flipping task. If you have already written something, I can review and improve it. If you need help starting, I can suggest a draft. How would you like to proceed?"
cthr_6932453e34548195832924a8d652681a00320763b6f7577f,,,,2025-12-05T02:36:46,4,2,2,"USER: help me write an honesty statement. I just need the begining
ASSISTANT: Of course! Here’s a way to start your honesty statement:

""I certify that I truthfully reported the number of heads I observed in my coin flips...""
USER: now finish it
ASSISTANT: ...and that I performed all 10 coin flips myself without altering or misrepresenting the results."
cthr_6932440e317081958c2b9f6cf602836f036cc15267792b33,,,,2025-12-05T02:31:42,2,1,1,"USER: Help me write an honesty statement. I just need to beginning.
ASSISTANT: I affirm that I have truthfully reported the number of heads I observed after flipping the coin 10 times…"
cthr_693243b69a6881979908754362e21c7801ee4681dd249319,,,,2025-12-05T02:30:14,2,1,1,"USER: Help me write an honesty statement. I just need to start.
ASSISTANT: Sure! Would you like to share a draft you’ve started, or would you like me to suggest an opening phrase for your statement?"
cthr_69324397fd9481978f91e4e44f9c88460e15b7407e4ba1cf,,,,2025-12-05T02:29:43,2,1,1,"USER: help me write an honesty statement
ASSISTANT: Of course! Do you already have a draft or some ideas you’d like to work from? If you share what you have, I can help you polish or refine it. If not, I can help you get started."
